{
  "branding": {
    "appTitle": "sLOt[B]",
    "tagline": "A short, modern mashup of 'Capture' and 'Calendar'",
    "logoUrl": "/images/logo.png",
    "heroImageUrl": ""
  },
  "theme": {
    "primaryColor": "",
    "secondaryColor": "",
    "accentColor": "",
    "surfaceColor": "",
    "surfaceCalendarDark": "",
    "surfaceCalendar": "",
    "surfaceSidebar": "",
    "surfaceActivityList": "",
    "surfaceSidebarDark": ""
  },
  "ui": {
    "showActivitySidebar": true,
    "enableBackgroundPattern": true
  }
}